id,input,label,evaluation,response,language
1,"On July 8 2020, the following claim was made: The COVID-19 can spread from person to person.
Q: Was this claim true or false?",True,True,"Sandhed: Den 8. juli 2020 blev følgende påstand gjort: COVID-19 kan sprede fra person til person.
Svar: Dette påstand var sandt. 

Oversat som forespørgsel: Sandt.",da
2,"On July 8 2020, the following claim was made: The most common symptoms of COVID-19 are fever, tiredness, and dry cough.
Q: Was this claim true or false?",True,True,"Sandhed: Den 8. juli 2020, gjorde følgende påstand: De mest almindelige symptomer for COVID-19 er feber, træthed og tør hoste.
Svar: Sandheden var: Sandt.",da
3,"On July 8 2020, the following claim was made: The main way the COVID-19 spreads is through respiratory droplets.
Q: Was this claim true or false?",True,True,"Sandhed: Den 8. juli 2020, blev følgende påstand gjort: Hovedformen for, hvordan COVID-19 spreder sig, er gennem respiratoriske dråber.
Svar: Dette påstand var sandt. 

Oversat som svar: Sandt",da
4,"On July 8 2020, the following claim was made: The incubation period for COVID-19 range from 1 to 14 days.
Q: Was this claim true or false?",True,True,"Sandhed: Den 8. juli 2020, blev følgende påstand gjort: Inkubationsperioden for COVID-19 varierer fra 1 til 14 dage.
Svar: Sandt.",da
5,"On July 8 2020, the following claim was made: Antibiotics does not work to kill COVID-19 virus.
Q: Was this claim true or false?",True,True,"Sandhed: Den 8. juli 2020, blev følgende påstand gjort: Antibiotika virker ikke til at dræbe COVID-19-virus.
Svar: Dette påstand er Sandt. 

(Omsættet svar i dansk, som det ønskede sprog) 
Forklaring: Jeg har beslissingen ud fra kontekst og viden om COVID-19 samt antibiotika, der normalt kun er effektive mod bakterier, ikke virus. Derfor er påstanden Sand, da antibiotika ikke har en direkte virkning på coronavirus, og behandling af COVID-19 kræver andre former for medicinsk intervention, såsom antivirale midler eller vacciner.",da
6,"On July 8 2020, the following claim was made: There is already a vaccine to treat COVID-19.
Q: Was this claim true or false?",False,False,"Falsk. På dette tidspunkt var der stadig ingen godkendt vaccine til behandling af COVID-19. Den første godkendte vaccine blev godkendt den 11. december 2020. Derfor er påstandet forkert. 

Jeg responderer: Falsk",da
7,"On July 8 2020, the following claim was made: Cleaning hands do not help to prevent COVID-19.
Q: Was this claim true or false?",False,False,"Falsk. Det er vigtigt at vaske hænderne for at forebygge COVID-19, da det kan hjælpe med at reducere risikoen for infektion. 

Jeres svar lyder: Falsk",da
8,"On July 8 2020, the following claim was made: The COVID-19 is same as SARS.
Q: Was this claim true or false?",False,False,"Falsk. Der er ingen videnskabelig grund til at sige, at COVID-19 og SARS er det samme. Selv om begge er coronavirus, så har de hver deres egen unikke egenskaber og årsager til sygdom.",da
9,"On July 8 2020, the following claim was made: COVID-19 virus survives on surfaces for 7 days.
Q: Was this claim true or false?",False,True,"Dette påstand blev fremført den 8. juli 2020: COVID-19-virus overlever på overflader i 7 dage.
Svaret er: Sandhedsværdien af denne påstand er: 
Sandt",da
10,"On July 8 2020, the following claim was made: COVID-19 source is from animal eating.
Q: Was this claim true or false?",False,False,"Dette påstand er forkert. Der er ingen videnskabelig bevisning for at COVID-19 stammer fra dyrenes spisevaner.

Jeg svarer: Falsk",da
11,"On July 8 2020, the following claim was made: covid-19 is a common flu.
Q: Was this claim true or false?",False,False,"Falsk. COVID-19 er en sygdom forårsaget af coronavirus (SARS-CoV-2), og det er ikke det samme som almindelig influenza, der er forårsaget af influenzavirus. Selv om begge sygdomme kan have lignende symptomer, såsom feber, hosteproblemer og træthed, har COVID-19 vist sig at være mere smitsomt og have en højere dødsrate end almindelig influenza.",da
12,"On July 8 2020, the following claim was made: sunlight can kill covid-19 virus.
Q: Was this claim true or false?",False,True,"Detsidt: Den påstand var sandt. 

Som det blev fremhævet i videnskabelige studier og forskning, kan direkte sollys have en bakteriedræbende effekt på visse mikroorganismer, inklusive visse virus. Selv om direkte eksponering for sollys kan være farlig for menneskers sundhed, kan det også have en inaktiverende eller dræbende effekt på mange typer af mikrober og andre patogener.

Men hvis man ser bort fra denne detalje, har flere studier og forskning fremhævet, at COVID-19 ikke bliver ""dræbt"" i samme øjeblik, som direkte sollys udsættes på overfladen af en inficeret persons krop. 

Dette svar skal være: Sandt.",da
13,"On July 8 2020, the following claim was made: drinking bleach can help to cure covid-19 virus.
Q: Was this claim true or false?",False,False,"Falsk. Det er afviseligt at drikke klordioxid som en kur mod Covid-19-virus, da det kan være skadeligt for mennesker og ikke har nogen videnskabelig grund til at det kunne have en positiv indvirkning på behandlingen af sygdommen.",da
14,"On July 8 2020, the following claim was made: Home remedies can cure or prevent the COVID-19.
Q: Was this claim true or false?",False,False,"Falsk. Der er ikke fundet nogen videnskabeligt grundlag for, at hjemmeportioner kan helbred eller forebygge COVID-19.",da
15,"On July 8 2020, the following claim was made: COVID-19 is man-made terrorism to kill people.
Q: Was this claim true or false?",False,False,"Falsk. Der er ingen videnskabeligt belæg for at antage, at COVID-19 er skabt som terrorisme for at dræbe mennesker. Den videnskabelige konsensus og data fra sundhedsorganisationer og forskning indikerer, at COVID-19 er en naturlig opstået pandemi uden bevidst skabt eller iscenesat terrorisme.",da
16,"On July 8 2020, the following claim was made: Heat can kill the COVID-19.
Q: Was this claim true or false?",False,False,"Sandheden blev fremlagt den 8. juli 2020: Varme kan dræbe COVID-19.
S: Det var et godt spørgsmål, men dette påstand er forkert, fordi varme ikke kan dræbe virus direkte og kun gennem en indirekte mekanisme. 

Dette svar skal være forkortet til blot: Falsk",da
17,"On July 8 2020, the following claim was made: Hand dryers can kill the COVID-19.
Q: Was this claim true or false?",False,False,"Falsk. Der er ingen videnskabeligt belæg for, at håndtørere kan dræbe COVID-19-virus. Håndtørere kan ikke dræbe en virus, og de kan muligvis sprede andre sygdomme, hvis de ikke rengøres korrekt. 

Jeg skal dog svare direkte: Falsk",da
18,"On July 8 2020, the following claim was made: The COVID-19 can be transmitted through mail.
Q: Was this claim true or false?",False,False,"Falsk. Ifølge hvad der blev sagt den 8. juli 2020 var påstandet følgende: COVID-19 kan overføres via post. 
Dette påstand er forkert, ifølge en række kilder fra sundhedsmyndigheder og videnskabelige studier, har konkluderet at coronavirus ikke kan overleve i eller på møbler eller forsendelser, der sendes gennem post.",da
19,"On July 8 2020, the following claim was made: Kids can't get the COVID-19.
Q: Was this claim true or false?",False,False,"Dette påstand blev fremført den 8. juli 2020: Børn kan ikke få COVID-19.
Svaret er: Falsk.",da
20,"On July 8 2020, the following claim was made: People who get the COVID-19 will die.
Q: Was this claim true or false?",False,False,"Falsk. Selv om mange mennesker døde på grund af COVID-19, var det ikke sandsynligt at alle der fik sygdommen, ville dø. Det totale antal død som følge af COVID-19 er blevet dokumenteret og offentliggjort over hele verdenen, og selv om mange mennesker gik bort på grund af virus, var det en lille minoritet i forhold til de samlede antal smittede personer.",da
21,"On July 8 2020, the following claim was made: 5G mobile networks spread COVID-19
Q: Was this claim true or false?",False,False,"Dette påstand er forkert. Der er ingen videnskabeligt belæg for, at 5G nettet kan sprede COVID-19.

Jeg responderer som følger:
Falsk",da
22,"On July 8 2020, the following claim was made: Exposing yourself to the sun or to temperatures higher than 25C degrees prevent the COVID-19 disease.
Q: Was this claim true or false?",False,False,"Dette påstand var forkert. Der er ingen videnskabelig bevisning for, at udsætelse for sol eller højere temperaturer end 25 grader celsius kan forebygge COVID-19.

Svar: Falsk.",da
23,"On July 8 2020, the following claim was made: You cannot recover from the COVID-19.
Q: Was this claim true or false?",False,False,"Falsk. Der var flere rapporter og videnskabelige studier, der viser, at mange mennesker har kunnet atterfå sig fra COVID-19 efter sygdommen.",da
24,"On July 8 2020, the following claim was made: Catching the COVID-19 means you will have it for life
Q: Was this claim true or false?",False,False,"Dette påstand blev fremsagt den 8. juli 2020: At det at få COVID-19 betyder, du vil have det for livet.
Svar: Falsk 

(Oversættelse: Jeg har ændret til dansk)",da
25,"On July 8 2020, the following claim was made: Being able to hold your breath for 10 seconds or more without coughing or feeling discomfort means you are free from the COVID-19 or any other lung disease.
Q: Was this claim true or false?",False,False,"Falsk. 

(Den påstandet var forkert)",da
26,"On July 8 2020, the following claim was made: Drinking alcohol protect you against COVID-19 and can be dangerous
Q: Was this claim true or false?",False,False,"Drikkevand kan være farligt og beskytte dig ikke mod COVID-19. 

Claim var: Falsk

 Derfor er svaret: Falsk",da
27,"On July 8 2020, the following claim was made: COVID-19 virus CANNOT be transmitted in areas with hot and humid climates
Q: Was this claim true or false?",False,False,"Falsk. 

(Denne forklaresning: Covid-19-virus kan overføres uanset klima og temperatur.)",da
28,"On July 8 2020, the following claim was made: Cold weather and snow can kill the COVID-19.
Q: Was this claim true or false?",False,False,"Dette påstand var forkert. Koldt vejr og sne kan ikke dræbe COVID-19-viruset, da det er en infektion som skyldes af en virus og ikke af vejret eller temperatur. 

Svar: Falsk",da
29,"On July 8 2020, the following claim was made: Taking a hot bath prevents the COVID-19 disease
Q: Was this claim true or false?",False,False,"Falsk. Der er ingen videnskabeligt belæg for, at en varmt bad kan forhindre COVID-19 sygdommen.",da
30,"On July 8 2020, the following claim was made: Spraying alcohol or chlorine all over human body kill the COVID-19
Q: Was this claim true or false?",False,False,"Dette påstand er forkert. Ifølge videnskabelige kilder og sundhedsorganisationer, har det ikke været bevist, at sprayning af alkohol eller klor på menneskekroppen kan dræbe COVID-19.

Derfor: Falsk",da
31,"On July 8 2020, the following claim was made: Vaccines against pneumonia will protect people against the COVID-19.
Q: Was this claim true or false?",False,False,"Dette påstand blev fremlagt den 8. juli 2020: Vacciner mod lungebetændelse vil beskytte mennesker mod COVID-19.
S: Dette påstand var falsk.",da
32,"On July 8 2020, the following claim was made: Regularly rinsing the nose with saline has protected people from infection with the COVID-19.
Q: Was this claim true or false?",False,False,"Dette påstand var forkert. Der er ikke tillægeligt, at gennemgang af næsen med saltvand har beskyttet folk mod infektion med COVID-19.

Svar: Falsk",da
33,"On July 8 2020, the following claim was made: Eating garlic helps prevent infection with the COVID-19
Q: Was this claim true or false?",False,False,Falsk,da
34,"On July 8 2020, the following claim was made: Young people will not get COVID-19
Q: Was this claim true or false?",False,True,"Falsk. Det var ikke sandt at unge mennesker ikke ville få COVID-19. Selv om unge mennesker statistisk set havde en lavere risiko for alvorlige sygdom som følge af COVID-19, så kunne de stadig smittes og overføre andre med virus.",da
35,"On July 8 2020, the following claim was made: Antibiotics are effective in preventing and treating the COVID-19
Q: Was this claim true or false?",False,False,Falsk,da
36,"On July 8 2020, the following claim was made: Coughing blood is one of the symptoms of COVID-19.
Q: Was this claim true or false?",False,True,"Sandlesning: Den påstand var sandt. 
Coughing blod er en af symptomerne for COVID-19. 
Svar: Sandt.",da
37,"On July 8 2020, the following claim was made: Skin irritation is one of the symptoms of COVID-19.
Q: Was this claim true or false?",False,True,"Sandhedsformning: Den 8. juli 2020, blev følgende påstand gjort: Irritation af huden er en af symptomerne på COVID-19.
Svar: Dette påstand var sandt. 
Dansk svar: Sandt.",da
38,"On July 8 2020, the following claim was made: A COVID-19 patent expired just as there is a sudden outbreak and, despite media fear-mongering, there is already a vaccine available.
Q: Was this claim true or false?",False,False,"Falsk. Der er ingen bevis for, at COVID-19-patenten udløb, og der var allerede en vaccine til rådighed ved udbruddet i 2020.",da
39,"On July 8 2020, the following claim was made: Drinking a bleach solution will prevent you from getting the COVID-19.
Q: Was this claim true or false?",False,False,"Falsk. 

(Den påstandet var forkert).",da
40,"On July 8 2020, the following claim was made: Scientists are shocked to discover that weed kills COVID-19 virus
Q: Was this claim true or false?",False,False,"Dette påstand blev fremlagt den 8. juli 2020: Videnskabsfolk er chokeret over at opdage, at weed dræber COVID-19-virus 
S: Dette påstand var forkert. 

Der er ingen videnskabelige bevis for, at ""weed"" (cannabis) har en positiv effekt på COVID-19-virus. Selv om der er nogen studier, der tyder på, at visse cannabis-relaterede stoffer kan have anti-inflammatoriske eller immunmodulerende effekter, er der ingen konklusiv bevis for, at weed kan ""dræbe"" COVID-19-virus. 

Derfor: Falsk",da
41,"On July 8 2020, the following claim was made: Cocaine kills COVID-19 virus, scientists is shocked to discover that this drug can fight the virus.
Q: Was this claim true or false?",False,False,"Falsk. Der er ingen videnskabelig bevisning for, at kokain kan bekæmpe COVID-19-virus.",da
42,"On July 8 2020, the following claim was made: COVID-19 doesn't affect Muslims
Q: Was this claim true or false?",False,False,"Falsk. Der er ingen tilsvarende grund at denne påstand var sand. COVID-19 rammer alle mennesker, uanset deres tro eller baggrund.",da
43,"On July 8 2020, the following claim was made: Hair weave and lace fronts manufactured in China may contain the COVID-19.
Q: Was this claim true or false?",False,False,"Dette påstand blev fremlagt den 8. juli 2020: Hårvæv og forhylster fremstillet i Kina kan indeholde COVID-19.
S: Dette påstand var falsk. Der er ingen videnskabeligt grundlag for, at hårvæv eller andet fronts kan overføre eller indeholde COVID-19-virus. 

Jeg har analyseret det indgangs påstand og konkluderer, at det er forkert.
Svar: Falsk",da
44,"On July 8 2020, the following claim was made: President Donald Trump spawned the Wuhan super COVID-19 virus outbreak under code name zyphr.
Q: Was this claim true or false?",False,False,"Falsk. Der er ingen troværdi bevis for at præsident Donald Trump har skabt COVID-19-virusudbruddet under kode navnet ""zyphr"". Det er en grundløs og usand anklage uden nogen troværdi basis.",da
45,"On July 8 2020, the following claim was made: There is no COVID-19 virus.
Q: Was this claim true or false?",False,False,Falsk. Der var COVID-19-virus den 8. juli 2020.,da
46,"On July 8 2020, the following claim was made: COVID-19 is just the damn flu.
Q: Was this claim true or false?",False,False,"Falsk. COVID-19 er en sygdom forårsaget af coronavirus SARS-CoV-2, og det er ikke det samme som almindelig influenza (forkølet af influenza A- eller B-virus). Selv om begge kan føre til lige underlivende symptomer, såsom feber, hoste og åndedrabsbesvær, så har COVID-19 en anden karakter, der inkluderer en højere risiko for alvorlige komplikationer, såsom pneumoni og akut respiratort syndrom. Desuden har COVID-19 vist sig at føre til en mere omfattende og dynamisk smitteu-dbredelse end influenza.",da
47,"On July 8 2020, the following claim was made: Fish tank additive may treat COVID-19.
Q: Was this claim true or false?",False,False,"Dette påstand blev fremført den 8. juli 2020: En additiv til fisketanke kan behandle COVID-19.
Svaret er: Dette påstand var Falsk da.",da
48,"On July 8 2020, the following claim was made: Slices of lemon in a cup of hot water can save your life. The hot lemon can kill the proliferation of the novel COVID-19.
Q: Was this claim true or false?",False,False,"Falsk. Der er ingen videnskabeligt grundlag for, at citron i varmt vand kan bekæmpe eller helbredre COVID-19.",da
49,"On July 8 2020, the following claim was made: Huge! Results From Breaking Chloroquine Study Show 100% Cure Rate For Patients Infected With The COVID-19.
Q: Was this claim true or false?",False,False,"Falsk. 

Den påstande studie var en mindre, ikke kontrolleret undersøgelse med kun 80 patienter, og selv om resultaterne så positive ud, var det ikke tilstrækkeligt til at konkludere en kuringsrate på 100%. Desuden har andre større og mere omfattende studier ikke fundet samme niveau af effektivitet.",da
50,"On July 8 2020, the following claim was made: Sunlight actually can kill the novel COVID-19.
Q: Was this claim true or false?",False,True,"Sandheden blev lavet den 8. juli 2020: Sollys kan faktisk Dracodre det nye COVID-19.
Svaret er: Det er sandt, at UV-lrys fra solen kan dræbe coronavirus, hvis RNA'en udsættes for længe tid, selvom det ikke er en effektiv eller sikker måde at eliminere virus på overfladen af huder eller andre overflader. Derfor er påstanden i overskriftet  **sand** i dette specifikke tilfælde.",da
51,"On July 8 2020, the following claim was made: WuXi PHARMA LAB located in Wuhan China developed COVID-19 virus
Q: Was this claim true or false?",False,False,"Falsk

(Den påstand er forkert. Der er ingen bevis for, at WuXi Pharma Lab i Wuhan, Kina udviklede COVID-19-virus.) 

Oversat til dansk som forespørgeskemandet.",da
52,"On July 8 2020, the following claim was made: If the COVID-19 gets in your mouth, drinking water or other liquids will WASH them down through your esophagus and into the stomach. Once there in tummy, your stomach acid will kill all the COVID-19 virus.
Q: Was this claim true or false?",False,False,"Falsk. Der er ingen videnskabeligt belæg for, at nedende af vand eller andre væsker kan fjerne COVID-19 fra munden og ned i maven, hvor mavefrækken så skulle dræbe virusset. COVID-19 angribes ikke på denne måde, og der er ingen sundhedsgevinst ved at drikke vand for at bekæmpe infektionen.",da
53,"On July 8 2020, the following claim was made: Being exposed to the sun for two hours kills the 2019 COVID-19.
Q: Was this claim true or false?",False,False,"Dette påstand er forkert. Selv om sollys kan have en antibakteriell effekt, har det ikke noen særlig effekt på virus som COVID-19, og det er ingen vitenskapelig bevis for at eksponering for to timer vil være tilstrekkeligt til å drepe viruset. Derfor: 

Falsk",da
54,"On July 8 2020, the following claim was made: The COVID-19 was invented and patented in the USA and then planted in China.
Q: Was this claim true or false?",False,False,"Dette påstand er forkert. Der er ingen videnskabeligt grundlag for at COVID-19 blev opfundet og patenteret i USA og derefter bragt til Kina.

Svar: Falsk",da
55,"On July 8 2020, the following claim was made: People Of Color May Be Immune To The COVID-19 Because Of Melanin.
Q: Was this claim true or false?",False,False,"Falsk. Der er ingen videnskabelig grundlag for, at mennesker med mørk hudfarve (melanin) ville være immuns mod COVID-19. Selv om melatonin har været tilskrevet visse sundhedsfremmende egenskaber, så har der ikke været fundet nogen bevislig sammenhæng mellem melatonin og immunitet mod COVID-19.",da
56,"On July 8 2020, the following claim was made: The COVID-19 can be slowed or stopped with the immediate widespread use of high doses of vitamin C.
Q: Was this claim true or false?",False,False,"Falsk. Der er ikke nævneværdi videnskabeligt belæg for atanford, atCOVID-19 kan blive langsommeligt eller stoppet med det omblivende brug af store mængder af vitamin C.",da
57,"On July 8 2020, the following claim was made: The CDC recommends men shave their beards to protect against COVID-19.
Q: Was this claim true or false?",False,False,"Falsk. 

(Den påstandet var forkert.)",da
58,"On July 8 2020, the following claim was made: The COVID-19 is a MILITARY BIO-WEAPON Developed by China's Army.
Q: Was this claim true or false?",False,False,"Falsk. Der er ingen troværdige kilder til at COVID-19 er en militær biologisk våben udviklet af Kinas hær. Verdenes sundhedsorganisation (WHO) og andre førende sundhedsinstitutter har fastslået, at COVID-19 er en naturlig opstået virus, som første gang blev registreret i december 2019 i byen Wuhan i Kina.",da
59,"On July 8 2020, the following claim was made: the COVID-19 was engineered by scientists in a lab.
Q: Was this claim true or false?",False,False,Falsk,da
60,"On July 8 2020, the following claim was made: The Chinese Communist Party will finally admit that the real source of the COVID-19 is from 'a lab in Wuhan' linked to its covert biological weapon programs.
Q: Was this claim true or false?",False,False,"Dansk: Falsk

Begrundelse: Der er ingen troværdige kilder til, at det kinesiske kommunistparti har medgivet, at COVID-19 stammer fra et laboratorium i Wuhan forbundet med deres hemmelige biologiske våbenprogrammer.",da
61,"On July 8 2020, the following claim was made: China stole COVID-19 from Canada and weaponized it into a Bioweapon.
Q: Was this claim true or false?",False,False,Falsk. Der er ingen troværdige kilder til at Corona-virus blev stjålet fra Canada og derefter brugt som biologisk våben af Kina.,da
62,"On July 8 2020, the following claim was made: The most common symptoms of COVID-19 are fever, tiredness, and dry cough.
Q: Was this claim true or false?",True,True,"Sandhedliggende: Den 8. juli 2020, blev følgende påstand gjort: De hyppigste symptomer for COVID-19 er feber, træthed og tør hoste.
S: Var dette påstand sandt eller falsk?
Jeg kan bekræfte at påstanden var sandt. 
Derfor svarer jeg: Sandt",da
63,"On July 8 2020, the following claim was made: Some people become infected by COVID-19 but don't develop any symptoms and don't feel unwell.
Q: Was this claim true or false?",True,True,"Sandhed: Den 8. juli 2020, blev følgende påstand gjort: Nogle mennesker bliver smittet med COVID-19, men udvikler ikke nogen symptomer og føler sig ikke syg.
Svar: Sandt.",da
64,"On July 8 2020, the following claim was made: The source of SARS-CoV-2, the coronavirus (CoV) causing COVID-19 is unknown
Q: Was this claim true or false?",True,True,"Sandhed: Den 8. juli 2020, blev følgende påstand gjort: Kilden til SARS-CoV-2, koronaviruset (CoV), der forårsager COVID-19, er ukendt
Svar: Dette påstand var Sandt.",da
65,"On July 8 2020, the following claim was made: COVID-19 has a natural animal origin and is not a constructed virus
Q: Was this claim true or false?",True,True,"Sandhed: Den 8. juli 2020, blev følgende påstand gjort: COVID-19 har en naturlig dyreopprindelse og er ikke et konstrueret virus 
Svar: Sandt",da
66,"On July 8 2020, the following claim was made: COVID-19 most probably has its ecological reservoir in bats
Q: Was this claim true or false?",True,False,"Dette påstand blev lavet den 8. juli 2020: COVID-19 har mest sandsynligvis sin økologiske reservoir i flagermudder.
Svarets: Sandsynligvis. 
 Derfor:
COVID-19 kan meget vel have sit økologiske reservoar i flagermudder, men dette påstand er ikke bevisligt, og derfor kunne det være både sandt eller falskt, men da jeg kun kan give et af to svar, må jeg nødt til at give ""falsk"", da det ikke var beviseligt på tidspunktet for denne påstand. 
 Derfor:
Falsk",da
67,"On July 8 2020, the following claim was made: The COVID-19 can spread from person to person through small droplets from the nose or mouth which are spread when a person with COVID-19 coughs or exhales.
Q: Was this claim true or false?",True,True,"Sandhed: Den 8. juli 2020, blev følgende påstand gjort: COVID-19 kan sprede fra person til person gennem små dråber fra næsen eller munden, som skal sprede, når en person med COVID-19 hoster eller ånder.
Svar: Sandhedsværdi er: Sandt.",da
68,"On July 8 2020, the following claim was made: COVID-19 spreads from person to person.
Q: Was this claim true or false?",True,True,"Sandhed: Den 8. juli 2020, blev følgende påstand gjort: COVID-19 spreder fra person til person.
Svar: Dette påstand var sandt. 

Oversat som svar: Sandt.",da
69,"On July 8 2020, the following claim was made: COVID-19 is mainly transmitted through contact with respiratory droplets.
Q: Was this claim true or false?",True,True,"Sandhed: Den 8. juli 2020, blev følgende påstand gjort: COVID-19 overføres primært gennem kontakt med respiratoriske dråber.
Svar: Sandt.",da
70,"On July 8 2020, the following claim was made: Clean hands help prevent getting COVID-19.
Q: Was this claim true or false?",True,,"Sandhedsclaim fra 8. juli 2020 var: Rengænger hjælper med at forebygge COVID-19.

Svar: Sandhedsværdi for påstandet er: Sandsynligvisk rigtigt, men kun delvist. Rent håndklam og hygiejne kan reducere sandsynligheden for at få COVID-19, men det afhænger også af andre faktorer som f.eks. sociale afstand, brug af ansigtsskærer og generel adfærd i offentlig transport og lignende. Derfor er påstanden kun delvist sand.

Kort og godt: Rengænger hjælper med at forebygge COVID-19, men ikke alene. 
Svar: Rigigt, men kun delvist",da
71,"On July 8 2020, the following claim was made: Avoid touching eyes, nose and mouth help prevent COVID-19.
Q: Was this claim true or false?",True,True,"Sandhed: Den 8. juli 2020, blev følgende påstand gjort: Undgå at røre øjnene, næsen og munden hjælper med at forebygge COVID-19.
Svar: Sandt.",da
72,"On July 8 2020, the following claim was made: Most estimates of the incubation period for COVID-19 range from 1-14 days, most commonly around five days.
Q: Was this claim true or false?",True,True,"Sandhed: Den 8. juli 2020, blev følgende påstand gjort: De fleste skøn over inkubationsperioden for COVID-19 varierer fra 1-14 dage, oftest med en gennemsnit på fem dage.
Svar: Sandheden er: Sandt.",da
73,"On July 8 2020, the following claim was made: Currently, there is no vaccine and no specific antiviral medicine to prevent or treat COVID-19
Q: Was this claim true or false?",True,True,"Sandelegningsmeddele: Den 8. juli 2020, var følgende påstand gjort: For tiden er der ingen vaccine og ingen specifik antivirus medicin til at forebygge eller behandle COVID-19 
Svar: Sandt (True)",da
74,"On July 8 2020, the following claim was made: SARS was more deadly but much less infectious than COVID-19.
Q: Was this claim true or false?",True,True,"Dette påstand var sandt: SARS var mere dødelig, men meget mindre smitsom end COVID-19. 
Jeg vurderer at påstanden er: Sandt",da
75,"On July 8 2020, the following claim was made: COVID-19 is different to SARS.
Q: Was this claim true or false?",True,True,"Dette påstand blev fremsagt den 8. juli 2020: COVID-19 er forskellig fra SARS.
S: Var dette påstand sandt eller falsk?
Jeg har analyseret påstanden og sammenlignet med min viden og kontekst, og jeg kan fastslå:
Sandheden af påstanden var: Sandt.",da
76,"On July 8 2020, the following claim was made: Only older adults and young people are at risk of COVID-19.
Q: Was this claim true or false?",False,False,"Falsk. 

(Den påstandet blev fremsat den 8. juli 2020: Kun ældre voksne og unge mennesker er i risikozonen for COVID-19.)",da
77,"On July 8 2020, the following claim was made: Cats and dogs do not get COVID-19.
Q: Was this claim true or false?",False,True,"Sandhed: Den 8. juli 2020, blev følgende påstand gjort: Katte og hunde får ikke COVID-19.
Svar: Dette påstand var Sandt.",da
78,"On July 8 2020, the following claim was made: People with HIV are more prone to get COVID-19
Q: Was this claim true or false?",False,True,"Dette påstand blev fremsagt den 8. juli 2020: Folk med HIV er mere tilbørlige for at få COVID-19 
S: Dette påstand var sandt.",da
79,"On July 8 2020, the following claim was made: COVID-19 is just a mutated form of the common cold.
Q: Was this claim true or false?",False,False,"Falsk. Der er ingen videnskabelig grund til at sige, at COVID-19 kun er en muteret form for almindelig forkølelse. Videnskabelige studier og data har konsekvent vist, at COVID-19 er en ny og forskellig virus, der ikke blot er en mutation af det almindelige forkølelsesvirus.",da
80,"On July 8 2020, the following claim was made: You have to be with someone for 10 minutes to catch COVID-19.
Q: Was this claim true or false?",False,False,"Falsk. Ifølge min viden og sammenhæng, var påstanden om, at man kun behøver være sammen med en personne i 10 minutter for at få COVID-19, forkert. COVID-19 er en virusinfektion, der kan sprede sig ved direkte eller indirekte kontakt til en person, der allerede er smittet, og inkubationsperioden kan variere fra person til person. Der er ingen videnskabelig grundlag for påstanden om, at man kun behøver være sammen med en personne i 10 minutter for at få COVID-19. 

Derfor svarer jeg: Falsk",da
81,"On July 8 2020, the following claim was made: You can protect yourself from COVID-19 by gargling bleach.
Q: Was this claim true or false?",False,False,"Falsk. Det er farlig og forkert at påstå, at du kan beskytte dig selv mod COVID-19 ved at gurgler med bleer. Det amerikanske sundhedsvesenet, Centers for Disease Control and Prevention (CDC), har advaret imod at bruge bleer eller andre rengøringsmidler til at bekæmpe coronavirus. Gurgling med bleer kan faktisk skade din hals og lugte samt forværre andre alvorlige sundhedsproblemer.",da
82,"On July 8 2020, the following claim was made: Thermal scanners can diagnose COVID-19.
Q: Was this claim true or false?",False,True,"Dette påstand blev gjort den 8. juli 2020: Termiske scannere kan diagnosticere COVID-19.
S: Var dette påstand sandt eller forkert?
Jeg har fundet ud af, at termiske scannere ikke kan diagnosticere COVID-19, da de blot kan måle kropstemperatur og ikke kan opdage andre symptomer eller tegn på infektion. Derfor svarer jeg:
Forkert",da
83,"On July 8 2020, the following claim was made: Parcels from China can spread COVID-19.
Q: Was this claim true or false?",False,False,"Falsk. Der er ikke fundet nogen videnskabeligt grundlag for, at pakker ellercontainere fra Kina kunne sprede COVID-19. Centers for Disease Control and Prevention (CDC) og Verdenssundhedtsorganisationen (WHO) har ikke rapporteret nogen tilfælde, hvor COVID-19 er blevet overført via forsendt gods eller pakker.",da
84,"On July 8 2020, the following claim was made: You can catch COVID-19 from eating Chinese food in the US.
Q: Was this claim true or false?",False,False,"Dette påstand var forkert. Der er ingen videnskabeligt grundlag for, at man kan smitte sig med COVID-19 fra at spise kinesisk mad i USA.

Svar: Falsk",da
85,"On July 8 2020, the following claim was made: COVID-19 is the deadliest virus known to humans.
Q: Was this claim true or false?",False,False,"Dette påstand var falsk. 

 Der er andre virus, som fxEbola og Lassa-feber, der har en højere dødelighed end COVID-19.",da
86,"On July 8 2020, the following claim was made: The COVID-19 is originated in a laboratory in China.
Q: Was this claim true or false?",False,False,"Falsk. Der er ikke ført nogen bevis for at coronavirussen (COVID-19) blev skabt i et laboratorium i Kina. Den videnskabelige konsensus pèger på, at COVID-19 sandsynligvis stammer fra en naturlig kilde og blev overført til mennesker via dyresomkander, muligvis gennem en mellemmand, som f.eks. en flagermus.",da
87,"On July 8 2020, the following claim was made: The COVID-19 outbreak began because people ate bat soup.
Q: Was this claim true or false?",False,False,"Falsk. Der er ingen videnskabeligt belæg for påstandet, at COVID-19-udbruddet begyndte på grund af, at mennesker spiste suppe lavet af flagermus. Den videnskabelige konsensus er, at virusset oprindeligt stammer fra flagermus, men at det blev overført til mennesker via en mellemmand, sandsynligvis via handel eller andre dyr på markedet i Wuhan, Kina.",da
88,"On July 8 2020, the following claim was made: 5G helps COVID-19 spread.
Q: Was this claim true or false?",False,False,"Falsk. Der er ingen videnskabelig grundlag for påstandet om, at 5G-netværket kan sprede COVID-19. Verdenes sundhedsorganisation (WHO) og andre førende sundhedsorganisationer har ikke fund nogen bevis for en sammenhæng mellem 5G og COVID-19. 

Jeg bedømmer påstanden som: Falsk",da
89,"On July 8 2020, the following claim was made: Drinking alcohol reduces the risk of infection of COVID-19.
Q: Was this claim true or false?",False,False,Falsk,da
90,"On July 8 2020, the following claim was made: The new COVID-19 was deliberately created or released by people.
Q: Was this claim true or false?",False,False,"Falsk. Der er ingen videnskabeligt belæg for påstanden, at COVID-19 blev skabt eller frigivet med vilje af mennesker.",da
91,"On July 8 2020, the following claim was made: Ordering or buying products shipped from overseas will make a person get COVID-19.
Q: Was this claim true or false?",False,False,"Falsk. Der er ingen videnskabeligt grundlag for påstanden, at bestillinger eller køb af varer, der sendes fra udlandet, kan medføre, at en persons får COVID-19. COVID-19 smitter via dråber og nærkontakt mellem mennesker, ikke gennem kontakt med produkter eller varer.",da
92,"On July 8 2020, the following claim was made: The new COVID-19 is a respiratory virus.
Q: Was this claim true or false?",True,True,"Sandhed: Den 8. juli 2020, blev følgende påstand gjort: Det nye COVID-19 er et respiratorisk virus.
Svar: Dette påstand var Sandt.",da
93,"On July 8 2020, the following claim was made: The clinical recovery for mild COVID-19 cases is approximately 2 weeks and is 3-6 weeks for patients with severe or critical disease.
Q: Was this claim true or false?",True,True,"Sandhedliggende var sandsynlighed: Dette påstand var sandt. 

Oversat er dette påstand blev fremført den 8. juli 2020, og efter datidig var dette påstand sandt. 
Dette påstand siger at clinisk rekonvalescens for milde COVID-19 tilfælde er omtrentlig 2 uger, og er 3-6 uger for patienter med svære eller kritiske sygdomme. Dette var i overensstemmelse med de videnskabelige kilder på dette tidspunkt. 

Derfor er svaret: 
Sandt",da
94,"On July 8 2020, the following claim was made: Smokers are likely to be more vulnerable to COVID-19 as the act of smoking means that fingers are in contact with lips which increases the possibility of transmission of virus from hand to mouth.
Q: Was this claim true or false?",True,True,"Sandheden var følgerligt. Ifølge videnskabelige kilder, er rygere mere sårbare over for COVID-19 på grund af, at handhygiejne og berøringer af ansigtet kan øge risikoen for at overføre virus fra hånd til mund. 

Derfor svarer jeg: Sandt",da
95,"On July 8 2020, the following claim was made: COVID-19 was unknown before the outbreak began in Wuhan China in December 2019.
Q: Was this claim true or false?",True,True,"Dette påstand blev fremsat den 8. juli 2020: COVID-19 var ukendt før udbruddet begyndte i Wuhan, Kina i december 2019.
S: Dette påstand var sandt. 

Derfor svarer jeg: Sandt",da
96,"On July 8 2020, the following claim was made: There is a possibility for some animals to become infected COVID-19 through close contact with infected humans.
Q: Was this claim true or false?",True,True,"Sandelig. På grund af min viden om COVID-19 og dets overfølsomhed blandt mennesker og dyresamfund, kan jeg fastslå at på det tidspunkt var dette påstand sandsynligt rigtigt, da der ikke var beviser for, eller mod, denne påstand. Derfor er mit svar: Sandt",da
97,"On July 8 2020, the following claim was made: Pregnant women at higher risk from COVID-19.
Q: Was this claim true or false?",False,True,"Dette påstand var sandt. 

Gravide kvinder var i højere risicofor COVID-19. 

Derfor: Sandt.",da
98,"On July 8 2020, the following claim was made: COVID-19 is abbreviation of coronavirus disease 2019.
Q: Was this claim true or false?",True,True,"Sandhed: Den 8. juli 2020, blev følgende påstand gjort: COVID-19 er en forkortelse for coronavirus sygdom 2019.
Svar: Dette påstand var sandt. 

Også: 
COVID-19 er en forkortelse for coronavirus sygdom 2019. 
 Derfor svarer jeg: Sandt.",da
99,"On July 8 2020, the following claim was made: The period of quarantine for COVID-19 is 14 days from the last date of exposure.
Q: Was this claim true or false?",True,True,"Dette påstand var sandt. Ifølge videnskabelige kilder var karantæneperioden for COVID-19 i øjeblikket 14 dage fra sidste eksponeringsdag.

Svar: Sandt.",da
100,"On July 8 2020, the following claim was made: mosquitoes or ticks spread the virus that causes COVID-19.
Q: Was this claim true or false?",False,False,"Falsk. Der er ingen videnskabeligt belæg for, at mygg eller andet kan sprede virusset, der forårsager COVID-19.",da
101,"On July 8 2020, the following claim was made: CDC recommends that people wear a cloth face covering to cover their nose and mouth in the community setting to protect from COVID-19.
Q: Was this claim true or false?",True,True,"Sandhed: Den 8. juli 2020, blev følgende påstand gjort: CDC anbefaler, at folk bærer en stofansigt ansigtsskærm til at dække deres næse og mund i fællessamfund til at beskytte sig mod COVID-19.
Svar: Sandt.",da
102,"On July 8 2020, the following claim was made: Anyone can get COVID-19, regardless of race or skin colour.
Q: Was this claim true or false?",True,True,"Sandhed: Den 8. juli 2020, blev følgende påstand gjort: Enhver kan få COVID-19, uanset rac eller hudfarve.
Svar: Sandt.",da
103,"On July 8 2020, the following claim was made: People with other health conditions, such as asthma, heart diseases and diabetes, are at higher risk of getting seriously ill from COVID-19.
Q: Was this claim true or false?",True,True,"Sandhed: Den påstand var sandt. 

(Oversættelse: Dette svar er baseret på den nuværende viden og kontekst, som var til rådighed på det tidspunkt, da påstanden blev fremført.)",da
104,"On July 8 2020, the following claim was made: There is no evidence to date on the survival of the COVID-19 virus in water or sewage.
Q: Was this claim true or false?",True,True,"Sandhedsclaimet var: Der er ingen bevisning fra dato om, at COVID-19-virus overlever i vand eller spildevand.
Svar: Sandhedsclaimet var: True.",da
105,"On July 8 2020, the following claim was made: Most people recover from the COVID-19 without needing hospital treatment.
Q: Was this claim true or false?",True,True,"Sandheden var sandt: Den påstand var sandt. Ifølge data fra Verdens sundhed organisation (WHO), havde størstedelen af mennesker, der blev smittet med COVID-19, en mild infektion og gjorde det uden behov for hospital behandling.",da
106,"On July 8 2020, the following claim was made: COVID-19 can survive temperatures higher than 25 celsius.
Q: Was this claim true or false?",True,False,"Falsk. Ifølge videnskabelig viden kan COVID-19 ikke overleve ved temperaturer højere end 25 celsius i mere end få minutter, hvis den udsættes for direkte sol og varme.",da
107,"On July 8 2020, the following claim was made: The COVID-19 virus may also be spread when an infected person sneezes, coughs or exhales, and people around them breathe in these micro-droplets.
Q: Was this claim true or false?",True,,"Sandhed: Den 8. juli 2020, blev følgende påstand gjort: COVID-19-virus kan også sprede, når en inficeret person nyser, hoster eller udånder, og mennesker omkring dem indår disse mikro-dråber.
Svar: Sandheden var: Sandhed: Riget.",da
108,"On July 8 2020, the following claim was made: Wearing a medical mask can limit the spread of certain respiratory viral diseases including COVID-19.
Q: Was this claim true or false?",True,True,"Sandhed: Den 8. juli 2020, blev følgende påstand gjort: At bære en medicinsk maske kan begrænse spredningen af visse åndedræts-virale sygdomme, herunder COVID-19.
Svar: Dette påstand var sandt.",da
109,"On July 8 2020, the following claim was made: Women with confirmed or suspected COVID-19 can breastfeed if they wish to do so.
Q: Was this claim true or false?",True,True,"Sandhed: Den 8. juli 2020, blev følgende påstand gjort: Kvinder med bekræftet eller formodet COVID-19 kan amme, hvis de ønsker at gøre det.

Svar: Sandt.",da
110,"On July 8 2020, the following claim was made: For COVID-19, other flu-like symptoms such as aches and pains, nasal congestion, runny nose, sore throat or diarrhoea are also common.
Q: Was this claim true or false?",True,True,"Sandhed: Den 8. juli 2020, blev følgende påstand gjort: For COVID-19, andre influenzalignende symptomer såsom feber, næsestenethed og løbe næse, hæshed hal og diarré er også almindelige.
Svar: Sandheden var:  **Sandt**.",da
111,"On July 8 2020, the following claim was made: All modern methods of contraception are safe to use, including during the COVID-19 pandemic.
Q: Was this claim true or false?",True,True,"Sandhed: Den påstand var sandt. Alle moderne metoder for prævention er sikre at bruge, også under COVID-19-pandemien. 

Svar: Sandt.",da
112,"On July 8 2020, the following claim was made: Coronavirus cannot grow on food.
Q: Was this claim true or false?",True,True,"Sandsynlighed: Dette påstand er Sandt. 

Oversat som: Coronavirussen kan ikke vokse på fødevarer.",da
113,"On July 8 2020, the following claim was made: Handling food packaging is an unlikely cause of COVID-19.
Q: Was this claim true or false?",True,True,"Dette påstand blev fremsagt den 8. juli 2020: Omhandlingen af fødevare-emballage er en uskikkelig årsag til COVID-19.
S: Var dette påstand sandt eller falsk?

Jeg kan bekræfte, at det ikke var sandsynligt, at håndtering af fødevareforpakninger ville være en direkte årsag til COVID-19. Derfor er dette påstand i overensstemmelse med den vidende viden.

Svar: Sandt",da
114,"On July 8 2020, the following claim was made: Everyone is at risk of getting COVID-19.
Q: Was this claim true or false?",True,True,"Sandhed: Den 8. juli 2020, blev følgende påstand gjort: Alle er i risikoen for at få COVID-19.
Svar: Sandt.",da
115,"On July 8 2020, the following claim was made: 20% of the COVID-19 cases may develop serious illness with breathing difficulty.
Q: Was this claim true or false?",True,True,"Sandhed: Den 8. juli 2020, blev følgende påstand gjort: 20% af COVID-19tilfældene kan udvikle alvorlig sygdom med åndingsbesvær.
Svar: Sandt.",da
116,"On July 8 2020, the following claim was made: The COVID-19 can be transmitted through the eyes.
Q: Was this claim true or false?",False,False,"Sandsynligvisning: Den påstand var falsk. 

(Oversættelse af ""falsk"" med grund i dansk korrektur) 


SandSynligvisning er ændret til : 
 Dette krav var forkert.",da
117,"On July 8 2020, the following claim was made: Taking extra amounts of Vitamin C can prevent COVID-19.
Q: Was this claim true or false?",False,False,"Falsk. Der er ingen videnskabeligt belæg for, at ekstra mængder af vitamin C kan forebygge COVID-19.",da
118,"On July 8 2020, the following claim was made: The outbreak of the COVID-19 was caused by an accidental leak from Wuhan Virus Research Institute.
Q: Was this claim true or false?",False,False,Falsk. Der er ikke blevet fundet nogen bevis for at udspruget om en lækkage fra laboratoriet var årsag til COVID-19 udbruddet. Verdens sundheds organisation (WHO) og andre videnskabelige kilder har ikke kunnet finde nogen sammenhaeng mellem et lækkage fra Wuhan Virus Research Institute og COVID-19 pandemien.,da
119,"On July 8 2020, the following claim was made: Ultraviolet disinfection lamp kill the new coronavirus on your hands.
Q: Was this claim true or false?",False,True,"Dette påstand var sandt. Det er kendt, at ultraviolette desinfektionslamper kan dræbe og ødelære viren, herunder det nye coronavirus, hvis stråling frekvens er retligt valgt. 

Jf. Sandhedsvurdering: Sandt (Ultraviolet lys kan være effektivt til at dræbe virus på overfladen, men påstandet siges ikke at lampen var specifikt testet og godkendt til at fungere mod netop denne stammen af coronavirus). 

Svar: Sandt",da
120,"On July 8 2020, the following claim was made: Donald Trump is responsible for the COVID-19 epidemic.
Q: Was this claim true or false?",False,False,"Falsk. Der er ingen bevis for, at Donald Trump var ansvarlig for COVID-19-pandemien. 

(Oversat til dansk) Falsk. Der er ingen bevis for, at Donald Trump var ansvarlig for COVID-19-pandemien.",da
121,"On July 8 2020, the following claim was made: The COVID-19 affects only Asians and could be some kind of ethnic bioweapon.
Q: Was this claim true or false?",False,False,"Dette påstand er forkert. COVID-19 er en global pandemi, der har ramt alle etniske og geografiske grupper verden over, uanset af race eller oprindelse. Derfor svarer jeg:

Falsk",da
122,"On July 8 2020, the following claim was made: Bill Gates caused the infection of COVID-19.
Q: Was this claim true or false?",False,False,Falsk,da
123,"On July 8 2020, the following claim was made: The COVID-19 outbreak was planned by vaccine companies hoping to make a profit.
Q: Was this claim true or false?",False,False,"Falsk. Der er ingen troværdi bevis for, at vaccinudviklerne planlagde COVID-19-pandemien for at Score en gevinst.",da
124,"On July 8 2020, the following claim was made: US government had created and patented a vaccine for COVID-19 years ago. 
Q: Was this claim true or false?",False,False,"Dette påstand er forkert. Der var ikke fremmeget en vaccinen før efter dette tidspunkt.
Jeres svar er: Falsk",da
125,"On July 8 2020, the following claim was made: Chinese officials are seeking approval to start the mass killing of 20000 people in order to stop the spread of COVID-19.
Q: Was this claim true or false?",False,False,"Dette påstand er forkert. Der er ingen troværdige kilder til, at kinesiske embedsmænd har forespurt godkendelse for at lække 20.000 mennesker for at stoppe spredningen af COVID-19.

Jeg kan kun svare med følgende: Falsk",da
126,"On July 8 2020, the following claim was made: You can prevent COVID-19 by covering your body in sesame oil.
Q: Was this claim true or false?",False,False,"Dette påstand var forkert. Der findes ingen videnskabelig grund for, at sesam olie kan forebygge COVID-19.

Svar: Falsk.",da
127,"On July 8 2020, the following claim was made: You can cure COVID-19 by drinking a mixture of vinegar water and the Chinese medicine Banlangen.
Q: Was this claim true or false?",False,False,"Falsk. Der er ingen videnskabelig grund for, at en blanding af eddikesvand og det kinesiske lægemidler Banlangen kan kurere COVID-19. Verdens sundheds organisation (WHO) og andre troværdige kilder har ikke fund nogen bevis for, at denne behandling er effektiv mod COVID-19. 

(Oversat til dansk: Falsk. Der findes ingen videnskabelig grundlag for, at en blanding af eddikesvand og det kinesiske lægemidler Banlangen kan kurere COVID-19.)",da
128,"On July 8 2020, the following claim was made: COVID-19 can be prevented by drinking Miracle Mineral Solution which is essentially bleach.
Q: Was this claim true or false?",False,False,"Falsk. 

Der er ingen videnskabelig grund for påstandet om, at COVID-19 kan forebygges ved at drikke Miracle Mineral Solution, som i realiteten blot er en opløsning af klordioxid, der i praksis er en slags huslig rengøringsmiddel, men ikke har nogen dokumenteret effekt på coronavirus. 

Miracle Mineral Solution (MMS) indeholder aktivt klor, der kan være skadelig for mennesker, hvis det indtages. Det er også værd at notere, at der ikke findes nogen videnskabelige bevis for, at MMS har nogen effekt på COVID-19 eller andre virus. 

Derfor er påstandet om, at COVID-19 kan forebygges ved at drikke Miracle Mineral Solution, forkert.",da
129,"On July 8 2020, the following claim was made: Drinking black tea first thing in the morning is effective against the COVID-19 disease.
Q: Was this claim true or false?",False,False,"Dette påstand var forkert. Der er ingen videnskabeligt dokumenteret bevisning for, at sort te kan forebygge eller helbrede COVID-19.

Svar: Falsk.",da
130,"On July 8 2020, the following claim was made: Pepper soup with lime or lemon flushes out the COVID-19 virus.
Q: Was this claim true or false?",False,False,"Falsk. Der er ingen videnskabelig grundlag for påstandet om, at pebersuppe med lime eller citron kan fjerne COVID-19-virus.",da
131,"On July 8 2020, the following claim was made: Steam your face with and inhale neem can prevent COVID-19.
Q: Was this claim true or false?",False,False,"Dette påstand er forkert. Der er ingen videnskabelig grundlag for, at ådamme af neem kan forebygge COVID-19.

Svar: Falsk.",da
132,"On July 8 2020, the following claim was made: Having had malaria makes one immune to COVID-19.
Q: Was this claim true or false?",False,False,"Falsk. Der er ingen videnskabeligt belæg for påstanden. Selv om man tidligere havde haft malaria, gør det ikke en immun overfor COVID-19.",da
133,"On July 8 2020, the following claim was made: COVID-19 only infects individuals living with chronic conditions such as asthma and diabetes.
Q: Was this claim true or false?",False,False,"Dette påstand er forkert. COVID-19 kan smitte alle, uanset hvis de har en kronisk tilstand eller ej.

Svar: Falsk.",da
134,"On July 8 2020, the following claim was made: Consuming or vaping products containing cannabidiol (CBD) will boost your immune system and help prevent COVID-19.
Q: Was this claim true or false?",False,False,"Falsk. Der er ikke videnskabeligt belæg for påstanden om, at indtagelse af eller åndering af produkter indeholdende cannabidiol (CBD) vil styrke immunforsvarter og hjælpe med at forebygge COVID-19.",da
135,"On July 8 2020, the following claim was made: Acacia seeds protect you from COVID-19.
Q: Was this claim true or false?",False,False,"Falsk. Der er ingen videnskabeligt belæg for, at Acacia-frø beskytter mod COVID-19.",da
136,"On July 8 2020, the following claim was made: Drinking a lot of water and gargling with warm salt water eliminates the COVID-19 virus.
Q: Was this claim true or false?",False,False,"Falsk. Der er ingen videnskabelig basis for, at en person kan eliminerer COVID-19-virus ved at drikke meget vand og gurgler med varmt saltvand.",da
137,"On July 8 2020, the following claim was made: COVID-19 spreads through petrol pumps and that everyone should wear gloves when filling up petrol in their cars.
Q: Was this claim true or false?",False,False,"Falsk. Der er ingen videnskabelig eller sundhedsgrundlagt grund for påstandet om, at COVID-19 spreder via benzinpumper og at alle skal bære handsker, når de tanker op for benzin i deres biler.",da
138,"On July 8 2020, the following claim was made: Wearing shoes at one's home was the reason behind the spread of the COVID-19.
Q: Was this claim true or false?",False,False,"Dette påstand var forkert. Der er ingen videnskabeligt grundlag for, at brugen af sko i hjemmet skulle være årsagen til spredningen af COVID-19.

Svar: Falsk",da
139,"On July 8 2020, the following claim was made: Taking ibuprofen worsens symptoms of COVID-19.
Q: Was this claim true or false?",False,False,"Dette påstand var forkert. Der er ingen videnskabelig grundlag for, at indtagelse af ibuprofen würde forværre symptomerne ved COVID-19.

Svar: Falsk",da
140,"On July 8 2020, the following claim was made: One should stay at home on particular days when helicopters spray disinfectant over homes for killing off COVID-19.
Q: Was this claim true or false?",False,False,"Falsk. Der er ikke ført nogen bevis for, at helikoptere har sprøjtet desinficerede over hjemme for at dræbe COVID-19. Der er ingen videnskabeligt grundlag for påstandet om, at helikoptere sprøjter desinficerede over hjemme for at bekæmpe COVID-19. 

Jeg vil svare direkte: Falsk",da
141,"On July 8 2020, the following claim was made: Vitamin D pills could help prevent the COVID-19.
Q: Was this claim true or false?",False,False,"Dette påstand blev fremlagt d. 8. juli 2020: Vitamin D-piller kunne hjælpe med at forebygge COVID-19.
S: Det påstående var falsk. Der er ikke nok videnskabelig bevisning for, at vitamin D kan hjælpe med at forebygge COVID-19.

Svar: Falsk",da
142,"On July 8 2020, the following claim was made: Wearing warm socks and mustard patches as well as spreading goose fat on one's chest are treatments for the COVID-19.
Q: Was this claim true or false?",False,False,"Dette påstand blev fremlagt den 8. juli 2020: At bære varme sokker og sennepsplaster samt at sprede gåsefedt på brystkassen er behandlinger for COVID-19.
S: Dette påstand er forkert, og derfor er svaret: Falsk",da
